SD-perception,model,policy
0.10247660202019847,testmodel,None
0.16977480065332551,testmodel,None
0.14725313747624771,testmodel,None
0.0076838805983566079,testmodel,None
0.027426322826025685,testmodel,None
0.19296418447939254,testmodel,None
0.087329311482902294,testmodel,None
0.071862384934585674,testmodel,None
